{"cameraMode":{"drawMode":0,"name":"Shaded","section":"Shading Mode"},"sceneLighting":true,"audioPlay":false,"sceneViewState":{"showFog":true,"showMaterialUpdate":false,"showSkybox":true,"showFlares":true,"showImageEffects":true,"showParticleSystems":true},"in2DMode":false,"pivot":{"x":55.18798828125,"y":0.80908203125,"z":24.49609375},"rotation":{"x":0.05894675850868225,"y":0.11801499128341675,"z":-0.007018671836704016,"w":0.9912396669387817},"size":4.2130842208862309,"orthographic":true}